id,name
1,마녀배달부키키
2,심슨
3,스위치
4,핑구
5,타노스
6,말포이
7,천공의성라퓨타
8,19곰테드
9,스네이프
10,해리포터
11,팀버튼
12,빵빵덕
13,그리핀도르
14,우디
15,징징이
16,백설공주
17,아이언맨
18,라이언
19,슬링키
20,라이온킹
21,바비
22,야수
23,더피
24,미니언
25,덤블도어
26,세일러문
27,미스터포테이토헤드
28,카카오프렌즈
29,라푼젤
30,빨강머리앤
31,엘사
32,도라에몽
33,미니언즈
34,라따뚜이
35,카붐
36,스폰지밥
37,건담
38,케어베어
39,동물의숲
40,비모
41,리틀미미
42,흰둥이
43,에리얼
44,디바
45,몬치치
46,미미
47,랏소
48,방탄소년단
49,헬로키티
50,제시
51,귀멸의칼날
52,오로라
53,캡틴아메리카
54,어피치
55,코카콜라
56,트랜스포머
57,셋쇼마루
58,보노보노
59,모아나
60,디지몬
61,올라프
62,버니
63,바비인형
64,이누야샤
65,포켓몬
66,카카오
67,앤디
68,안나
69,인어공주
70,조커
71,블라이스
72,배트맨
73,스타워즈
74,젤다
75,존윅
76,이웃집토토로
77,뮬란
78,드래곤볼
79,로키
80,피터팬
81,슈퍼마리오
82,주토피아
83,토토로
84,브라이스
85,앤드게임
86,몰랑이
87,뚱이
88,스파이더맨
89,알린
90,이브이
91,리락쿠마
92,손오공
93,어벤져스
94,톰과제리
95,산리오
96,마징가
97,루니툰
98,미키
99,신데렐라
100,지브리
101,루나
102,피노키오
103,곰돌이푸
104,원피스
105,마이크
106,토이스토리
107,리그오브레전드
108,디즈니
109,미녀
110,쿠로미
111,도날드덕
112,피글렛
113,듀크카붐
114,몬주몬대
115,말레피센트
116,드림웍스
117,라인
118,헤르미온느
119,세서미스트리트
120,맥그로우
121,그로밋
122,팅커벨
123,bt21
124,월레스
125,마이멜로디
126,알라딘
127,치히로
128,커비
129,리틀트윈스타
130,월레스와그로밋
131,엘모
132,슈가슈가룬
133,포키
134,피너츠
135,플랑크톤
136,가면라이더
137,저그
138,마블
139,설리
140,포뇨
141,찰리브라운
142,미피
143,호빵맨
144,짱구는못말려
145,실바니안패밀리
146,보핍
147,푸린
148,렉스
149,제리
150,킨키로봇
151,닌텐도
152,데이지
153,룩소볼
154,닥터스트레인지
155,피카츄
156,스누피
157,하이큐
158,커밋
159,호머
160,소니엔젤
161,픽사
162,스밋코구라시
163,쵸파
164,밤비
165,코난
166,미녀와야수
167,지니
168,버즈라이트이어
169,호그와트
170,베어브릭
171,티거
172,스티치
173,릴로
174,마리오
175,트랭크스
176,더키
177,튜브
178,프렌즈
179,덤보
180,카드캡터체리
181,칩앤데일
182,포챠코
183,겨울왕국
184,미니마우스
185,코리락쿠마
186,펭수
187,제이크
188,미키마우스
189,도비
190,우드스탁
191,포카혼타스
192,앨리스
193,헐크
194,에스더버니
195,치이카와
196,슬램덩크
197,쿠키런
198,텔레토비
199,마텔
200,노티드
201,주술회전
202,빤쮸토끼
203,햄토리
204,곽철이
