id,name
1,몬주&몬대
2,토이스토리
3,다이캐스트
4,마블
5,레고
6,건담
7,프라모델
8,돌피드림
9,구체관절
10,포켓몬
11,원피스
12,스누피
13,주먹왕 랄프
14,트랜스포머
15,리락쿠마
16,레고미니피규어
17,미니어처
18,지브리
19,스타워즈
20,마법소녀
21,해리포터
22,스폰지밥
23,플레이모빌
24,오비츠
25,DC
26,신데렐라
27,하트
28,보라
29,핫 휠
30,릴로&스티치
31,곰돌이 푸
32,넨도로이드
33,젤다의 전설
34,드래곤볼
35,배트맨
36,도라에몽
37,다꾸
38,밤비
39,인사이드 아웃
40,카드캡터 체리
41,펭수
42,미니언즈
43,겨울왕국
44,제시
45,토이스토리4
46,키덜트
47,버즈라이트이어
48,우디
49,덕질
50,리카
51,나루토
52,월리
53,니모
54,어드벤쳐 타임
55,건프라
56,도리스돌
57,업
58,덤보
59,월레스와 그로밋
60,닌텐도스위치
61,모여봐요동물의숲
62,포키
63,땡땡
64,주토피아
65,볼펜
66,피너츠
67,월-E
68,밥
69,아이패드
70,크리스마스 악몽
71,칩앤데일
72,카카오 프렌즈
73,오너먼트
74,뱃지
75,마녀 배달부 키키
76,센과 치히로
77,고양이
78,티거
79,이웃집 토토로
80,더피와친구들
81,젤라토니
82,빈티지인형
83,스텔라루
84,에반게리온
85,미피
86,여행
87,소품샵
88,잡덕
89,동전지갑
90,알린
91,피카츄
92,19곰 테드
93,토토로
94,오르골
95,파우치
96,베어브릭
97,케어베어
98,랏소
99,코리락쿠마
100,루시
101,미키마우스
102,렉스
103,마텔
104,숀
105,숀더쉽
106,하울의움직이는성
107,피노키오
108,미녀와 야수
109,엽서
110,빌런
111,별의 커비
112,포스터
113,목걸이
114,맥토이
115,미니마우스
116,피터팬
117,스티키 몬스터 랩
118,부채
119,에스더 버니
120,핑크팬더
121,핑크
122,커밋
123,지비츠
124,짱구는 못말려
125,꽃
126,손가락인형
127,인어공주
128,에리얼
129,미니피규어
130,어피치
131,커피
132,위베어베어스
133,달력
134,비스트킹덤
135,라이온킹
136,알라딘
137,앨리스
138,워터볼
139,톰과 제리
140,세서미 스트리트
141,LP
142,라따뚜이
143,레미
144,포테이토헤드
145,접시
146,세가
147,극장판
148,꾸미기
149,토끼
150,슈퍼마리오
151,마그넷
152,쿠키몬스터
153,엘모
154,엘사
155,안나
156,올라프
157,불스아이
158,방꾸미기
159,니모를찾아서
160,햄
161,카푸캬라
162,공주
163,그로밋
164,카툰네트워크
165,마이멜로디
166,문덕
167,썸썸
168,양말
169,더피
170,조커
171,쿠로미
172,산리오
173,헬로키티
174,세균맨
175,호빵맨
176,보핍
177,라이언
178,무지
179,카드
180,코카콜라
181,피글렛
182,그림
183,어벤져스
184,히어로
185,플라운더
186,거울
187,슬램덩크
188,설리반
189,제일복권
190,가면라이더
191,듀크카붐
192,무드등
193,헤르미온느
194,산타
195,크리스마스
196,필통
197,카카오
198,폼폼푸린
199,다이어리
200,빵빵덕
201,손오공
202,애착인형
203,인테리어
204,찰리브라운
205,베이비돌
206,브라이스
207,에어팟케이스
208,세일러문
209,조명
210,이상해씨
211,전시
212,젤리
213,퍼즐
214,랜덤박스
215,마이 리틀 포니
216,레진
217,벨
218,에어팟
219,케이스
220,틴케이스
221,인스
222,실바니안 패밀리
223,오버액션토끼
224,테라리움
225,라인 프렌즈
226,백설공주
227,텐바이텐
228,홀로그램
229,페코짱
230,라푼젤
231,반지
232,몰랑이
233,보노보노
234,인형놀이
235,스밋코구라시
236,스타벅스
237,옷
238,이벤트
239,케이크
240,캡틴아메리카
241,아이언맨
242,트리
243,키티
244,포켓몬센터
245,할로윈
246,구데타마
247,몬치치
248,자스민
249,이상한 나라의 앨리스
250,플레이스테이션
251,소니엔젤
252,핀
253,비모
254,자석
255,캔들
256,소품
257,다마고치
258,다이소
259,손거울
260,초록
261,지갑
262,선물
263,BT21
264,트롤
265,동물의숲
266,쿠션
267,핑구
268,빈티지소품
269,이누야샤
270,캡슐토이
271,마스킹테이프
272,헐크
273,마이펫의 이중생활
274,그립톡
275,뚱이
276,취미
277,맥마담
278,책갈피
279,도장
280,에코백
281,유리컵
282,심슨
283,필름카메라
284,산엑스
285,무민
286,카메라
287,슬링키
288,도날드덕
289,디즈니프린세스
290,오로라
291,바비
292,옥스포드
293,큐포스켓
294,슈가슈가룬
295,빨강머리앤
296,닥터스트레인지
297,스파이더맨
298,로키
299,죠르디
300,모아나
301,포챠코
302,시나모롤
303,큐브릭
304,귀멸의칼날
305,파랑
306,디즈니랜드
307,보석함
308,향수
309,어린왕자
310,리틀트윈스타
311,유니버셜스튜디오
312,귀걸이
313,신발
314,브로치
315,정품
316,원더우먼
317,루니툰
318,모자
319,클립
320,도쿄디즈니
321,코코
322,히어로크로스
323,하리보
324,노트
325,홀마크
326,폴꾸
327,노랑
328,맥도날드
329,개비개비
330,더키
331,버니
332,보이즈베어
333,우산
334,랜선집들이
335,저금통
336,사탕
337,호그와트
338,디저트
339,아톰
340,흰둥이
341,스티치
342,색칠
343,킨키로봇
344,메모지
345,떡메모지
346,캘린더
347,립밤
348,추억
349,플루토
350,구피
351,조로
352,스노우볼
353,웨딩피치
354,카페
355,메가박스
356,잠자는숲속의공주
357,마이크와조스키
358,디즈니스토어
359,야광
360,룩소볼
361,스트랩
362,클래식돌
363,로켓
364,디지몬
365,맥그로우
366,담요
367,만화책
368,하이큐
369,턴테이블
370,블랙위도우
371,데꼴
372,테디베어
373,보석십자수
374,dvd
375,포뇨
376,트럼프
377,명탐정 코난
378,이상한나라의앨리스
379,팬시
380,유니베어
381,우드스탁
382,테이프
383,팝콘통
384,슬리퍼
385,토르
386,인크레더블
387,가습기
388,트위티
389,파워퍼프걸
390,프렌즈
391,마인크래프트
392,팅커벨
393,쿠키
394,티셔츠
395,타노스
396,제이크
397,센티넬
398,사진
399,에네스코
400,달빛천사
401,빌드어베어
402,데이지덕
403,메카닉
404,잠옷
405,램프
406,루피
407,장식장
408,집콕
409,그루트
410,케로피
411,지팡이
412,머그컵
413,씰스티커
414,지지
415,코렐라인
416,스머프
417,반지의 제왕
418,랜덤피규어
419,드래곤 길들이기
420,주방용품
421,천사소녀 네티
422,반프레스토
423,쵸파
424,방향제
425,포토카드
426,콜라보
427,폴라로이드
428,키치
429,주디
430,나이키
431,메디콤
432,마징가 Z
433,로봇
434,동화책
435,빈티지토이
436,아트북
437,토킹피규어
438,도자기
439,미니베이비돌
440,뮬란
441,화장품
442,온워드
443,방탄소년단
444,랜덤
445,튜브
446,선풍기
447,데드풀
448,공책
449,핀뱃지
450,보드게임
451,사티로리
452,게임기
453,푸키
454,몰리
455,네일
456,레어
457,티켓
458,체리
459,퍼스트건담
460,칩
461,세트
462,미니카
463,방가방가햄토리
464,마스크
465,솜인형
466,메타코레
467,피크닉
468,기념품
469,핸드폰
470,메타몽
471,인형옷
472,이브이
473,이브이즈
474,영오이스터
475,그릇
476,야돈
477,맥주
478,보틀
479,포카혼타스
480,도시락
481,켈리
482,지니
483,빙봉
484,슈퍼로봇대전
485,가챠샵
486,드로잉
487,OST
488,팬아트
489,ty
490,아크릴스탠드
491,인형의집
492,인테리어소품
493,가오나시
494,동물
495,슬픔이
496,폰꾸
497,팔찌
498,도자기인형
499,관절인형
500,미미
501,음식
502,귀를기울이면
503,리페인팅
504,마우스
505,메탈빌드
506,직소퍼즐
507,워해머40k
508,소설
509,가필드
510,미니어처소품
511,인형놀이소품
512,구관인형
513,미니어처음식
514,니니즈
515,자쿠
516,은혼
517,캠핑
518,인놀덕후
519,포토존
520,cd
521,초코비
522,디즈니 프린세스
523,잠자는 숲속의 공주
524,키키
525,텔레토비
526,벽시계
527,식기
528,코토부키야
529,플레이세트
530,중고
531,론
532,콕스워즈
533,소울
534,연필
535,싱잉 오너먼트
536,꼬마마법사 레미
537,주술회전
538,신비한 동물사전
539,M&M
540,101마리 달마시안
541,태엽완구
542,편의점
543,잭 스켈링턴
544,백설공주와일곱난장이
545,나의 히어로 아카데미아
546,메가하우스
547,루미에
548,가디언즈 오브 갤럭시
549,어벤져스 엔드게임
550,PC게임
551,링크
552,미개봉
553,땡땡의 모험
554,하츠네 미쿠
555,개봉
556,날아라 호빵맨
557,집 꾸미기
558,베놈
559,파일
560,패드
561,보보앤코코
562,상품
563,빨강
564,배스킨라빈스
565,파피
566,실내화
567,양배추인형
568,천공의 성 라퓨타